{"initial_reset_timestamp": 1633417294.1713467, "timestamps": [1633417295.223575], "episode_lengths": [617], "episode_rewards": [330.0], "episode_types": ["t", "t"]}