{"initial_reset_timestamp": 1633417196.9124446, "timestamps": [1633417197.961529, 1633417199.162833, 1633417200.1948302], "episode_lengths": [617, 685, 591], "episode_rewards": [330.0, 290.0, 270.0], "episode_types": ["t", "t", "t", "t"]}