{"initial_reset_timestamp": 1633417336.3522305, "timestamps": [1633417337.3849566, 1633417338.5916932, 1633417339.638281, 1633417340.9608228], "episode_lengths": [617, 685, 591, 780], "episode_rewards": [330.0, 290.0, 270.0, 470.0], "episode_types": ["t", "t", "t", "t", "t"]}