{"initial_reset_timestamp": 1633417265.1575963, "timestamps": [1633417266.1750863], "episode_lengths": [617], "episode_rewards": [330.0], "episode_types": ["t", "t"]}