{"initial_reset_timestamp": 1633417359.7564006, "timestamps": [1633417360.8655384, 1633417362.1407874, 1633417363.2071242, 1633417364.5912707], "episode_lengths": [617, 685, 591, 780], "episode_rewards": [330.0, 290.0, 270.0, 470.0], "episode_types": ["t", "t", "t", "t", "t"]}